trial,testing,parameters,initial_deadline,final_deadline,net_reward,actions,success
1,False,"{'a': 0.9833403330360212, 'e': 0.9999911800129654}",20,0,-108.02629710094007,"{0: 13, 1: 1, 2: 4, 3: 0, 4: 2}",0
2,False,"{'a': 0.9677320866530111, 'e': 0.9999663801883837}",20,0,-38.21156852049729,"{0: 12, 1: 4, 2: 4, 3: 0, 4: 0}",0
3,False,"{'a': 0.9523715849693368, 'e': 0.9999255809230515}",25,0,-146.91052736031293,"{0: 15, 1: 4, 2: 2, 3: 2, 4: 2}",0
4,False,"{'a': 0.9372548956126777, 'e': 0.9998687828697563}",20,0,-128.96666809429925,"{0: 9, 1: 2, 2: 7, 3: 1, 4: 1}",0
5,False,"{'a': 0.9223781486280005, 'e': 0.9997959869372657}",20,0,-115.99714638768705,"{0: 8, 1: 5, 2: 4, 3: 3, 4: 0}",0
6,False,"{'a': 0.9077375354868296, 'e': 0.9997071942903131}",25,0,-150.69162256608723,"{0: 16, 1: 3, 2: 3, 3: 0, 4: 3}",0
7,False,"{'a': 0.8933293081122429, 'e': 0.9996024063495789}",20,0,-128.7668007734251,"{0: 13, 1: 1, 2: 2, 3: 2, 4: 2}",0
8,False,"{'a': 0.8791497779193436, 'e': 0.999481624791668}",30,0,-125.21339416591798,"{0: 16, 1: 3, 2: 9, 3: 2, 4: 0}",0
9,False,"{'a': 0.8651953148709627, 'e': 0.9993448515490826}",30,0,-263.6087085616808,"{0: 11, 1: 7, 2: 8, 3: 0, 4: 4}",0
10,False,"{'a': 0.8514623465483491, 'e': 0.9991920888101918}",20,0,-78.78048705602254,"{0: 10, 1: 4, 2: 5, 3: 1, 4: 0}",0
11,False,"{'a': 0.8379473572366113, 'e': 0.9990233390191963}",25,0,-85.04932988195738,"{0: 16, 1: 2, 2: 6, 3: 0, 4: 1}",0
12,False,"{'a': 0.8246468870246748, 'e': 0.9988386048760888}",25,0,-143.9260971447802,"{0: 13, 1: 5, 2: 5, 3: 0, 4: 2}",0
13,False,"{'a': 0.8115575309195268, 'e': 0.9986378893366118}",20,12,-26.738302644505573,"{0: 7, 1: 0, 2: 0, 3: 0, 4: 1}",1
14,False,"{'a': 0.798675937974518, 'e': 0.9984211956122098}",20,0,-151.08562976296827,"{0: 8, 1: 4, 2: 6, 3: 0, 4: 2}",0
15,False,"{'a': 0.7859988104315035, 'e': 0.9981885271699775}",25,0,-96.26807877998007,"{0: 14, 1: 7, 2: 2, 3: 1, 4: 1}",0
16,False,"{'a': 0.7735229028765976, 'e': 0.9979398877326052}",25,0,-24.38723026537174,"{0: 18, 1: 5, 2: 2, 3: 0, 4: 0}",0
17,False,"{'a': 0.7612450214093306, 'e': 0.9976752812783186}",20,0,-108.21743066486847,"{0: 12, 1: 2, 2: 3, 3: 2, 4: 1}",0
18,False,"{'a': 0.7491620228249927, 'e': 0.9973947120408153}",25,4,-47.71997116506398,"{0: 13, 1: 4, 2: 3, 3: 1, 4: 0}",1
19,False,"{'a': 0.7372708138099564, 'e': 0.9970981845091971}",25,0,-12.802484112311832,"{0: 19, 1: 4, 2: 2, 3: 0, 4: 0}",0
20,False,"{'a': 0.7255683501497715, 'e': 0.9967857034278981}",20,0,-94.56833679077367,"{0: 12, 1: 3, 2: 3, 3: 1, 4: 1}",0
21,False,"{'a': 0.7140516359498293, 'e': 0.996457273796609}",30,0,-232.97530967792537,"{0: 16, 1: 5, 2: 3, 3: 2, 4: 4}",1
22,False,"{'a': 0.7027177228683976, 'e': 0.9961129008701969}",25,0,-50.53335314382351,"{0: 17, 1: 2, 2: 6, 3: 0, 4: 0}",0
23,False,"{'a': 0.6915637093618288, 'e': 0.9957525901586213}",25,0,-76.23276183294206,"{0: 16, 1: 5, 2: 3, 3: 0, 4: 1}",0
24,False,"{'a': 0.6805867399417486, 'e': 0.9953763474268459}",30,0,-176.15868030315804,"{0: 15, 1: 1, 2: 12, 3: 1, 4: 1}",0
25,False,"{'a': 0.6697840044440363, 'e': 0.9949841786947463}",20,0,-189.9145043440635,"{0: 12, 1: 1, 2: 3, 3: 0, 4: 4}",0
26,False,"{'a': 0.6591527373094066, 'e': 0.9945760902370139}",20,0,-78.4123698632908,"{0: 12, 1: 4, 2: 3, 3: 0, 4: 1}",0
27,False,"{'a': 0.6486902168754117, 'e': 0.9941520885830554}",25,0,-126.62205695568618,"{0: 13, 1: 5, 2: 5, 3: 1, 4: 1}",0
28,False,"{'a': 0.6383937646796806, 'e': 0.993712180516888}",25,0,-164.04562043484725,"{0: 15, 1: 3, 2: 4, 3: 0, 4: 3}",0
29,False,"{'a': 0.6282607447742183, 'e': 0.9932563730770316}",20,0,-134.10720283081088,"{0: 11, 1: 4, 2: 2, 3: 1, 4: 2}",0
30,False,"{'a': 0.618288563050589, 'e': 0.9927846735563954}",30,0,-117.99534726689208,"{0: 20, 1: 1, 2: 6, 3: 2, 4: 1}",0
31,False,"{'a': 0.6084746665758094, 'e': 0.9922970895021618}",20,0,-68.251366939018,"{0: 11, 1: 3, 2: 5, 3: 1, 4: 0}",0
32,False,"{'a': 0.5988165429387845, 'e': 0.991793628715665}",25,0,-105.4570881596359,"{0: 18, 1: 3, 2: 1, 3: 1, 4: 2}",0
33,False,"{'a': 0.5893117196071165, 'e': 0.9912742992522671}",20,0,-51.47950780836198,"{0: 14, 1: 1, 2: 4, 3: 1, 4: 0}",0
34,False,"{'a': 0.5799577632941232, 'e': 0.9907391094212283}",25,0,-211.9381339418479,"{0: 10, 1: 2, 2: 9, 3: 2, 4: 2}",0
35,False,"{'a': 0.5707522793359029, 'e': 0.9901880677855746}",20,0,-176.69878671710097,"{0: 9, 1: 2, 2: 6, 3: 0, 4: 3}",0
36,False,"{'a': 0.5616929110782876, 'e': 0.9896211831619601}",20,0,-115.33694980064128,"{0: 13, 1: 1, 2: 4, 3: 0, 4: 2}",0
37,False,"{'a': 0.5527773392735267, 'e': 0.9890384646205271}",25,0,-150.36910554586,"{0: 12, 1: 6, 2: 5, 3: 0, 4: 2}",0
38,False,"{'a': 0.544003281486547, 'e': 0.9884399214847597}",25,0,-185.01679985380795,"{0: 11, 1: 4, 2: 5, 3: 4, 4: 1}",0
39,False,"{'a': 0.5353684915106364, 'e': 0.9878255633313352}",20,0,-171.87826781017088,"{0: 10, 1: 3, 2: 3, 3: 1, 4: 3}",0
40,False,"{'a': 0.5268707587924032, 'e': 0.987195399989971}",25,0,-149.16771636388123,"{0: 16, 1: 0, 2: 6, 3: 1, 4: 2}",0
41,False,"{'a': 0.5185079078658623, 'e': 0.986549441543267}",35,0,-179.7435199979534,"{0: 16, 1: 8, 2: 7, 3: 4, 4: 0}",0
42,False,"{'a': 0.5102777977955038, 'e': 0.9858876983265448}",25,0,-29.058156176657917,"{0: 18, 1: 5, 2: 2, 3: 0, 4: 0}",0
43,False,"{'a': 0.5021783216282018, 'e': 0.9852101809276816}",35,0,-162.21534021793744,"{0: 22, 1: 3, 2: 7, 3: 1, 4: 2}",0
44,False,"{'a': 0.4942074058538233, 'e': 0.9845169001869414}",20,0,-61.747398854433555,"{0: 14, 1: 1, 2: 3, 3: 2, 4: 0}",0
45,False,"{'a': 0.4863630098743977, 'e': 0.9838078671968011}",25,0,-141.56603692115993,"{0: 13, 1: 6, 2: 2, 3: 3, 4: 1}",0
46,False,"{'a': 0.47864312548171317, 'e': 0.9830830933017737}",30,0,-137.8645617937162,"{0: 21, 1: 2, 2: 3, 3: 2, 4: 2}",0
47,False,"{'a': 0.47104577634320394, 'e': 0.9823425900982259}",20,0,-17.262611826885756,"{0: 17, 1: 1, 2: 1, 3: 1, 4: 0}",0
48,False,"{'a': 0.46356901749599855, 'e': 0.9815863694341931}",25,0,-203.72640793887402,"{0: 16, 1: 1, 2: 2, 3: 2, 4: 4}",0
49,False,"{'a': 0.4562109348489986, 'e': 0.9808144434091898}",20,0,-100.24827241541405,"{0: 13, 1: 3, 2: 2, 3: 0, 4: 2}",0
50,False,"{'a': 0.44896964469286127, 'e': 0.980026824374016}",20,9,-6.464458486941711,"{0: 9, 1: 0, 2: 2, 3: 0, 4: 0}",1
51,False,"{'a': 0.4418432932177591, 'e': 0.9792235249305595}",20,0,-155.3151137378294,"{0: 11, 1: 3, 2: 3, 3: 0, 4: 3}",0
52,False,"{'a': 0.4348300560387948, 'e': 0.9784045579315942}",25,2,-78.3531736507127,"{0: 15, 1: 2, 2: 5, 3: 0, 4: 1}",1
53,False,"{'a': 0.4279281377289486, 'e': 0.9775699364805746}",35,0,-332.91835212640285,"{0: 16, 1: 2, 2: 10, 3: 2, 4: 5}",0
54,False,"{'a': 0.4211357713594391, 'e': 0.9767196739314261}",20,0,-106.47786481715461,"{0: 13, 1: 2, 2: 3, 3: 0, 4: 2}",0
55,False,"{'a': 0.4144512180473801, 'e': 0.9758537838883313}",25,0,-155.50103196766392,"{0: 15, 1: 3, 2: 4, 3: 0, 4: 3}",0
56,False,"{'a': 0.4078727665106168, 'e': 0.9749722802055126}",20,0,-59.23269712320482,"{0: 14, 1: 3, 2: 2, 3: 0, 4: 1}",0
57,False,"{'a': 0.4013987326296284, 'e': 0.9740751769870101}",20,0,-120.20785882284679,"{0: 11, 1: 4, 2: 3, 3: 0, 4: 2}",0
58,False,"{'a': 0.3950274590163841, 'e': 0.9731624885864559}",20,0,-122.60558193163588,"{0: 11, 1: 3, 2: 4, 3: 0, 4: 2}",0
59,False,"{'a': 0.38875731459004303, 'e': 0.9722342296068451}",30,0,-116.22624208546075,"{0: 18, 1: 8, 2: 2, 3: 0, 4: 2}",0
60,False,"{'a': 0.38258669415938845, 'e': 0.9712904149003017}",20,0,-197.10715449852958,"{0: 7, 1: 4, 2: 5, 3: 1, 4: 3}",0
61,False,"{'a': 0.37651401801188994, 'e': 0.9703310595678407}",25,10,-92.9961385969511,"{0: 8, 1: 1, 2: 4, 3: 1, 4: 1}",1
62,False,"{'a': 0.3705377315092886, 'e': 0.969356178959127}",20,0,-129.28517833683105,"{0: 12, 1: 2, 2: 3, 3: 1, 4: 2}",0
63,False,"{'a': 0.36465630468960103, 'e': 0.9683657886722294}",20,0,-102.34496926059339,"{0: 10, 1: 5, 2: 3, 3: 1, 4: 1}",0
64,False,"{'a': 0.35886823187544054, 'e': 0.9673599045533717}",20,0,-41.62990198544506,"{0: 16, 1: 0, 2: 2, 3: 2, 4: 0}",0
65,False,"{'a': 0.35317203128855595, 'e': 0.9663385426966781}",35,0,-119.18582248932209,"{0: 22, 1: 6, 2: 5, 3: 1, 4: 1}",0
66,False,"{'a': 0.34756624467048786, 'e': 0.9653017194439165}",20,8,-75.7430564747541,"{0: 6, 1: 1, 2: 4, 3: 0, 4: 1}",1
67,False,"{'a': 0.3420494369092467, 'e': 0.9642494513842369}",20,0,-106.49031508093671,"{0: 9, 1: 0, 2: 10, 3: 1, 4: 0}",0
68,False,"{'a': 0.3366201956719163, 'e': 0.9631817553539058}",25,0,-75.33669027680729,"{0: 16, 1: 3, 2: 4, 3: 2, 4: 0}",0
69,False,"{'a': 0.33127713104308865, 'e': 0.962098648436037}",20,0,-35.000711030409704,"{0: 14, 1: 2, 2: 4, 3: 0, 4: 0}",0
70,False,"{'a': 0.3260188751690383, 'e': 0.9610001479603179}",20,0,-68.96738844416333,"{0: 14, 1: 2, 2: 3, 3: 0, 4: 1}",0
71,False,"{'a': 0.32084408190754427, 'e': 0.9598862715027328}",20,0,-209.2859022359116,"{0: 7, 1: 3, 2: 4, 3: 4, 4: 2}",0
72,False,"{'a': 0.3157514264832699, 'e': 0.9587570368852811}",20,0,-136.77986297734606,"{0: 9, 1: 4, 2: 5, 3: 0, 4: 2}",0
73,False,"{'a': 0.31073960514861376, 'e': 0.9576124621756928}",35,0,-195.5053279815437,"{0: 19, 1: 1, 2: 13, 3: 0, 4: 2}",0
74,False,"{'a': 0.30580733484994277, 'e': 0.9564525656871388}",20,0,-117.27927342433802,"{0: 11, 1: 4, 2: 3, 3: 0, 4: 2}",0
75,False,"{'a': 0.30095335289912334, 'e': 0.9552773659779381}",20,0,-67.09301126236076,"{0: 13, 1: 3, 2: 3, 3: 0, 4: 1}",0
76,False,"{'a': 0.2961764166502668, 'e': 0.9540868818512609}",20,0,-90.08641756022115,"{0: 10, 1: 3, 2: 5, 3: 2, 4: 0}",0
77,False,"{'a': 0.2914753031816046, 'e': 0.952881132354828}",30,0,-95.90112155408458,"{0: 20, 1: 5, 2: 3, 3: 1, 4: 1}",0
78,False,"{'a': 0.2868488089824142, 'e': 0.9516601367806055}",20,0,-94.49497604718583,"{0: 15, 1: 2, 2: 0, 3: 1, 4: 2}",0
79,False,"{'a': 0.2822957496449137, 'e': 0.9504239146644966}",20,0,-21.815097841662983,"{0: 15, 1: 1, 2: 4, 3: 0, 4: 0}",0
80,False,"{'a': 0.2778149595610466, 'e': 0.9491724857860288}",25,0,-160.17072993222163,"{0: 13, 1: 1, 2: 9, 3: 0, 4: 2}",0
81,False,"{'a': 0.2734052916240802, 'e': 0.9479058701680374}",20,0,-115.60734179416478,"{0: 13, 1: 2, 2: 2, 3: 1, 4: 2}",0
82,False,"{'a': 0.26906561693493974, 'e': 0.9466240880763452}",25,4,-167.2402846640336,"{0: 14, 1: 1, 2: 2, 3: 0, 4: 4}",1
83,False,"{'a': 0.2647948245132042, 'e': 0.9453271600194385}",20,0,-112.2644093277166,"{0: 12, 1: 3, 2: 3, 3: 0, 4: 2}",0
84,False,"{'a': 0.2605918210126892, 'e': 0.9440151067481385}",20,0,-70.13370865494342,"{0: 10, 1: 4, 2: 6, 3: 0, 4: 0}",0
85,False,"{'a': 0.25645553044154434, 'e': 0.9426879492552694}",30,0,-168.49753061072101,"{0: 19, 1: 2, 2: 6, 3: 0, 4: 3}",0
86,False,"{'a': 0.2523848938867936, 'e': 0.941345708775323}",30,0,-141.10488438704556,"{0: 20, 1: 2, 2: 5, 3: 1, 4: 2}",0
87,False,"{'a': 0.2483788692432477, 'e': 0.9399884067841182}",25,19,-1.6188900008906364,"{0: 5, 1: 0, 2: 1, 3: 0, 4: 0}",1
88,False,"{'a': 0.24443643094671944, 'e': 0.9386160649984578}",20,0,-214.1589213077928,"{0: 9, 1: 2, 2: 3, 3: 3, 4: 3}",0
89,False,"{'a': 0.24055656971147374, 'e': 0.9372287053757814}",30,0,-178.31192807627534,"{0: 19, 1: 1, 2: 6, 3: 1, 4: 3}",0
90,False,"{'a': 0.23673829227184504, 'e': 0.9358263501138131}",25,0,-109.08173544555208,"{0: 15, 1: 3, 2: 5, 3: 1, 4: 1}",0
91,False,"{'a': 0.23298062112795564, 'e': 0.9344090216502073}",30,0,-217.60848821085796,"{0: 15, 1: 4, 2: 7, 3: 1, 4: 3}",0
92,False,"{'a': 0.2292825942954708, 'e': 0.9329767426621891}",20,0,-117.38148226878351,"{0: 11, 1: 3, 2: 3, 3: 2, 4: 1}",0
93,False,"{'a': 0.22564326505932486, 'e': 0.9315295360661918}",25,0,-143.8640191587999,"{0: 13, 1: 6, 2: 3, 3: 1, 4: 2}",0
94,False,"{'a': 0.22206170173135772, 'e': 0.9300674250174902}",30,0,-206.34173344583652,"{0: 15, 1: 5, 2: 7, 3: 0, 4: 3}",0
95,False,"{'a': 0.21853698741179714, 'e': 0.9285904329098296}",30,5,-74.02423364813788,"{0: 16, 1: 3, 2: 4, 3: 2, 4: 0}",1
96,False,"{'a': 0.2150682197545275, 'e': 0.9270985833750524}",20,0,-64.8462676429797,"{0: 14, 1: 2, 2: 3, 3: 0, 4: 1}",0
97,False,"{'a': 0.21165451073608427, 'e': 0.9255919002827192}",20,0,-99.40791116251087,"{0: 12, 1: 1, 2: 5, 3: 1, 4: 1}",0
98,False,"{'a': 0.20829498642831518, 'e': 0.9240704077397276}",25,0,-79.06096984936815,"{0: 16, 1: 2, 2: 5, 3: 2, 4: 0}",0
99,False,"{'a': 0.2049887867746498, 'e': 0.9225341300899255}",30,0,-179.04714014342207,"{0: 19, 1: 2, 2: 5, 3: 1, 4: 3}",0
100,False,"{'a': 0.2017350653699204, 'e': 0.9209830919137227}",25,0,-87.56370651985952,"{0: 15, 1: 2, 2: 6, 3: 2, 4: 0}",0
101,False,"{'a': 0.1985329892436775, 'e': 0.919417318027697}",25,6,-98.95217115042061,"{0: 13, 1: 0, 2: 2, 3: 3, 4: 1}",1
102,False,"{'a': 0.19538173864694508, 'e': 0.9178368334841971}",20,0,-106.69985941104952,"{0: 10, 1: 2, 2: 7, 3: 0, 4: 1}",0
103,False,"{'a': 0.1922805068423602, 'e': 0.9162416635709418}",30,8,-103.50022949368758,"{0: 16, 1: 1, 2: 2, 3: 1, 4: 2}",1
104,False,"{'a': 0.18922849989764384, 'e': 0.914631833810616}",30,0,-131.56594855812583,"{0: 18, 1: 1, 2: 9, 3: 1, 4: 1}",0
105,False,"{'a': 0.18622493648235003, 'e': 0.9130073699604613}",20,0,-116.720633824388,"{0: 10, 1: 4, 2: 3, 3: 2, 4: 1}",0
106,False,"{'a': 0.18326904766784083, 'e': 0.9113682980118647}",30,0,-92.02794315495292,"{0: 18, 1: 7, 2: 4, 3: 0, 4: 1}",0
107,False,"{'a': 0.1803600767304365, 'e': 0.9097146441899424}",25,0,-228.36316616664075,"{0: 10, 1: 3, 2: 7, 3: 2, 4: 3}",0
108,False,"{'a': 0.17749727895769007, 'e': 0.9080464349531204}",20,0,-205.92703627157866,"{0: 10, 1: 1, 2: 5, 3: 0, 4: 4}",0
109,False,"{'a': 0.1746799214577369, 'e': 0.9063636969927107}",25,0,-143.1488198174225,"{0: 10, 1: 5, 2: 9, 3: 0, 4: 1}",0
110,False,"{'a': 0.1719072829716703, 'e': 0.904666457232485}",25,0,-196.42066563595796,"{0: 14, 1: 2, 2: 4, 3: 2, 4: 3}",0
111,False,"{'a': 0.16917865368889545, 'e': 0.902954742828243}",30,0,-109.16959409533759,"{0: 16, 1: 7, 2: 6, 3: 0, 4: 1}",0
112,False,"{'a': 0.16649333506541383, 'e': 0.9012285811673788}",20,5,-62.228191494276956,"{0: 10, 1: 0, 2: 4, 3: 0, 4: 1}",1
113,False,"{'a': 0.16385063964499236, 'e': 0.8994879998684421}",25,8,-85.96721570348721,"{0: 8, 1: 3, 2: 4, 3: 2, 4: 0}",1
114,False,"{'a': 0.16124989088317057, 'e': 0.8977330267806966}",25,8,-121.57376615538797,"{0: 11, 1: 0, 2: 2, 3: 2, 4: 2}",1
115,False,"{'a': 0.1586904229740618, 'e': 0.8959636899836741}",30,0,-166.6345644905645,"{0: 19, 1: 1, 2: 7, 3: 0, 4: 3}",0
116,False,"{'a': 0.15617158067990308, 'e': 0.894180017786726}",25,0,-82.89355404381296,"{0: 16, 1: 5, 2: 2, 3: 1, 4: 1}",0
117,False,"{'a': 0.15369271916331076, 'e': 0.8923820387285689}",20,0,-46.92182926020099,"{0: 14, 1: 2, 2: 3, 3: 1, 4: 0}",0
118,False,"{'a': 0.1512532038221986, 'e': 0.8905697815768298}",20,0,-63.49434920788389,"{0: 13, 1: 2, 2: 3, 3: 2, 4: 0}",0
119,False,"{'a': 0.1488524101273161, 'e': 0.8887432753275842}",20,3,-36.21790923877631,"{0: 11, 1: 2, 2: 4, 3: 0, 4: 0}",1
120,False,"{'a': 0.14648972346236577, 'e': 0.8869025492048932}",20,0,-85.85648641521021,"{0: 13, 1: 1, 2: 4, 3: 1, 4: 1}",0
121,False,"{'a': 0.14416453896665785, 'e': 0.8850476326603355}",20,0,-139.4176257921917,"{0: 11, 1: 1, 2: 5, 3: 1, 4: 2}",0
122,False,"{'a': 0.1418762613802627, 'e': 0.8831785553725362}",30,0,-31.41828735554988,"{0: 22, 1: 3, 2: 5, 3: 0, 4: 0}",0
123,False,"{'a': 0.1396243048916211, 'e': 0.8812953472466922}",30,0,-152.45201379918117,"{0: 17, 1: 5, 2: 5, 3: 1, 4: 2}",0
124,False,"{'a': 0.13740809298757312, 'e': 0.8793980384140931}",20,0,-65.40946278824892,"{0: 13, 1: 3, 2: 3, 3: 0, 4: 1}",0
125,False,"{'a': 0.13522705830576776, 'e': 0.8774866592316399}",30,12,-29.737877164768115,"{0: 14, 1: 1, 2: 1, 3: 2, 4: 0}",1
126,False,"{'a': 0.133080642489415, 'e': 0.8755612402813587}",25,0,-49.85208489051276,"{0: 16, 1: 4, 2: 5, 3: 0, 4: 0}",0
127,False,"{'a': 0.13096829604434349, 'e': 0.8736218123699117}",20,0,-35.84747167807381,"{0: 14, 1: 2, 2: 3, 3: 1, 4: 0}",0
128,False,"{'a': 0.12888947819832688, 'e': 0.8716684065281038}",25,0,-145.62497854515325,"{0: 13, 1: 6, 2: 3, 3: 1, 4: 2}",0
129,False,"{'a': 0.12684365676264353, 'e': 0.8697010540103872}",25,0,-53.036067588415634,"{0: 20, 1: 2, 2: 2, 3: 0, 4: 1}",0
130,False,"{'a': 0.12483030799583283, 'e': 0.8677197862943601}",30,0,-100.84470240373307,"{0: 20, 1: 1, 2: 8, 3: 0, 4: 1}",0
131,False,"{'a': 0.1228489164696148, 'e': 0.8657246350802635}",25,0,-157.2659589297306,"{0: 13, 1: 3, 2: 6, 3: 1, 4: 2}",0
132,False,"{'a': 0.12089897493693763, 'e': 0.8637156322904745}",20,0,-31.926537848505912,"{0: 13, 1: 5, 2: 2, 3: 0, 4: 0}",0
133,False,"{'a': 0.11897998420211951, 'e': 0.8616928100689948}",25,19,2.8928423842778996,"{0: 5, 1: 1, 2: 0, 3: 0, 4: 0}",1
134,False,"{'a': 0.11709145299305204, 'e': 0.8596562007809367}",25,0,-49.42126684556656,"{0: 17, 1: 3, 2: 4, 3: 1, 4: 0}",0
135,False,"{'a': 0.1152328978354317, 'e': 0.8576058370120054}",20,0,-122.92173131296838,"{0: 10, 1: 5, 2: 3, 3: 0, 4: 2}",0
136,False,"{'a': 0.11340384292898785, 'e': 0.8555417515679776}",20,12,-29.012527806087416,"{0: 4, 1: 1, 2: 3, 3: 0, 4: 0}",1
137,False,"{'a': 0.11160382002567532, 'e': 0.8534639774741761}",25,0,-97.50134991489564,"{0: 17, 1: 4, 2: 2, 3: 0, 4: 2}",0
138,False,"{'a': 0.1098323683098002, 'e': 0.8513725479749423}",20,0,-76.50122520812315,"{0: 12, 1: 1, 2: 6, 3: 1, 4: 0}",0
139,False,"{'a': 0.1080890342800487, 'e': 0.8492674965331036}",25,0,-184.6300784118335,"{0: 15, 1: 0, 2: 6, 3: 1, 4: 3}",0
140,False,"{'a': 0.10637337163338817, 'e': 0.8471488568294381}",25,0,-61.65847487482086,"{0: 15, 1: 4, 2: 6, 3: 0, 4: 0}",0
141,False,"{'a': 0.10468494115081119, 'e': 0.8450166627621356}",25,0,-67.73856145115624,"{0: 19, 1: 1, 2: 3, 3: 1, 4: 1}",0
142,False,"{'a': 0.10302331058489304, 'e': 0.8428709484462561}",20,0,-52.456112453762984,"{0: 15, 1: 2, 2: 2, 3: 0, 4: 1}",0
143,False,"{'a': 0.10138805454913408, 'e': 0.8407117482131826}",25,0,-127.44637501205,"{0: 15, 1: 0, 2: 7, 3: 2, 4: 1}",0
144,False,"{'a': 0.09977875440905838, 'e': 0.838539096610073}",20,0,-144.6488161877205,"{0: 11, 1: 2, 2: 3, 3: 2, 4: 2}",0
145,False,"{'a': 0.09819499817504108, 'e': 0.8363530283993063}",20,0,-107.53763213710191,"{0: 10, 1: 4, 2: 4, 3: 1, 4: 1}",0
146,False,"{'a': 0.0966363803968368, 'e': 0.8341535785579275}",25,0,-21.847055970555157,"{0: 21, 1: 1, 2: 2, 3: 1, 4: 0}",0
147,False,"{'a': 0.09510250205978207, 'e': 0.831940782277087}",20,0,-1.882901825227881,"{0: 18, 1: 0, 2: 2, 3: 0, 4: 0}",0
148,False,"{'a': 0.09359297048264557, 'e': 0.8297146749614781}",20,0,-143.90720723064288,"{0: 12, 1: 2, 2: 3, 3: 0, 4: 3}",0
149,False,"{'a': 0.09210739921709939, 'e': 0.8274752922287704}",20,0,-106.93951712026674,"{0: 14, 1: 2, 2: 1, 3: 1, 4: 2}",0
150,False,"{'a': 0.09064540794878628, 'e': 0.8252226699090399}",25,0,-156.00697705240302,"{0: 14, 1: 2, 2: 6, 3: 1, 4: 2}",0
151,False,"{'a': 0.08920662239995708, 'e': 0.8229568440441956}",25,15,-9.663454400316136,"{0: 7, 1: 1, 2: 2, 3: 0, 4: 0}",1
152,False,"{'a': 0.08779067423365353, 'e': 0.8206778508874029}",20,0,-113.31102994341171,"{0: 10, 1: 2, 2: 6, 3: 1, 4: 1}",0
153,False,"{'a': 0.08639720095941202, 'e': 0.8183857269025038}",20,0,-81.65023535806937,"{0: 12, 1: 2, 2: 5, 3: 0, 4: 1}",0
154,False,"{'a': 0.08502584584046406, 'e': 0.8160805087634332}",20,0,-52.257968145353466,"{0: 15, 1: 1, 2: 3, 3: 0, 4: 1}",0
155,False,"{'a': 0.0836762578024097, 'e': 0.8137622333536321}",20,0,-90.82272886359065,"{0: 15, 1: 2, 2: 0, 3: 1, 4: 2}",0
156,False,"{'a': 0.0823480913433406, 'e': 0.8114309377654575}",20,14,-28.951272453688,"{0: 5, 1: 0, 2: 0, 3: 0, 4: 1}",1
157,False,"{'a': 0.08104100644538961, 'e': 0.8090866592995892}",20,0,-81.27323846107886,"{0: 13, 1: 1, 2: 5, 3: 0, 4: 1}",0
158,False,"{'a': 0.07975466848768437, 'e': 0.8067294354644328}",20,13,6.518536749576025,"{0: 6, 1: 1, 2: 0, 3: 0, 4: 0}",1
159,False,"{'a': 0.0784887481606825, 'e': 0.8043593039755189}",20,13,-22.024814822463327,"{0: 5, 1: 0, 2: 1, 3: 1, 4: 0}",1
160,False,"{'a': 0.07724292138186667, 'e': 0.8019763027549012}",20,0,-95.63462013124857,"{0: 12, 1: 1, 2: 5, 3: 1, 4: 1}",0
161,False,"{'a': 0.07601686921277752, 'e': 0.7995804699305482}",30,18,-25.671654832941478,"{0: 10, 1: 1, 2: 0, 3: 0, 4: 1}",1
162,False,"{'a': 0.07481027777736385, 'e': 0.797171843835734}",30,0,-92.33491994863383,"{0: 22, 1: 1, 2: 5, 3: 1, 4: 1}",0
163,False,"{'a': 0.07362283818162854, 'e': 0.7947504630084249}",30,0,-159.27136153371967,"{0: 17, 1: 2, 2: 9, 3: 0, 4: 2}",0
164,False,"{'a': 0.07245424643455005, 'e': 0.7923163661906623}",20,0,-52.32472838308614,"{0: 14, 1: 3, 2: 2, 3: 0, 4: 1}",0
165,False,"{'a': 0.07130420337025893, 'e': 0.7898695923279433}",25,0,-145.52047001172843,"{0: 17, 1: 2, 2: 3, 3: 0, 4: 3}",0
166,False,"{'a': 0.07017241457144995, 'e': 0.7874101805685976}",20,0,-83.08102344682696,"{0: 13, 1: 0, 2: 6, 3: 0, 4: 1}",1
167,False,"{'a': 0.06905859029400947, 'e': 0.7849381702631609}",20,0,-47.67304580637967,"{0: 17, 1: 0, 2: 1, 3: 1, 4: 1}",0
168,False,"{'a': 0.06796244539283947, 'e': 0.7824536009637453}",20,1,-81.53218256335262,"{0: 11, 1: 3, 2: 4, 3: 0, 4: 1}",1
169,False,"{'a': 0.06688369924885876, 'e': 0.7799565124234067}",20,0,-68.28946801188698,"{0: 14, 1: 2, 2: 1, 3: 3, 4: 0}",0
170,False,"{'a': 0.06582207569716306, 'e': 0.7774469445955083}",20,0,-99.0077663210267,"{0: 11, 1: 3, 2: 4, 3: 1, 4: 1}",0
171,False,"{'a': 0.0647773029563252, 'e': 0.7749249376330819}",30,0,-79.12755280547613,"{0: 22, 1: 2, 2: 5, 3: 0, 4: 1}",0
172,False,"{'a': 0.06374911355881761, 'e': 0.7723905318881852}",30,0,-168.27405305312539,"{0: 18, 1: 4, 2: 5, 3: 0, 4: 3}",0
173,False,"{'a': 0.06273724428253921, 'e': 0.7698437679112557}",20,0,-126.8821670754153,"{0: 13, 1: 4, 2: 0, 3: 0, 4: 3}",0
174,False,"{'a': 0.06174143608342907, 'e': 0.7672846864504632}",25,12,-11.30631806966892,"{0: 10, 1: 1, 2: 2, 3: 0, 4: 0}",1
175,False,"{'a': 0.060761434029149734, 'e': 0.7647133284510561}",30,0,-142.49415068047648,"{0: 17, 1: 4, 2: 7, 3: 0, 4: 2}",0
176,False,"{'a': 0.05979698723382313, 'e': 0.7621297350547077}",25,17,-4.322678348989077,"{0: 6, 1: 1, 2: 1, 3: 0, 4: 0}",1
177,False,"{'a': 0.058847848793802456, 'e': 0.7595339475988572}",20,3,-95.55196394826886,"{0: 10, 1: 2, 2: 2, 3: 2, 4: 1}",1
178,False,"{'a': 0.05791377572446345, 'e': 0.7569260076160484}",30,3,-117.92129446863694,"{0: 19, 1: 1, 2: 4, 3: 1, 4: 2}",1
179,False,"{'a': 0.05699452889799904, 'e': 0.7543059568332656}",20,0,-71.22844092530879,"{0: 12, 1: 5, 2: 2, 3: 0, 4: 1}",0
180,False,"{'a': 0.0560898729822013, 'e': 0.7516738371712652}",30,0,-78.49448040386397,"{0: 22, 1: 1, 2: 6, 3: 0, 4: 1}",0
181,False,"{'a': 0.05519957638021511, 'e': 0.749029690743906}",20,0,-207.0608826018692,"{0: 12, 1: 2, 2: 1, 3: 0, 4: 5}",0
182,False,"{'a': 0.05432341117124811, 'e': 0.7463735598574739}",25,0,-58.5800598554729,"{0: 17, 1: 1, 2: 7, 3: 0, 4: 0}",0
183,False,"{'a': 0.05346115305222174, 'e': 0.7437054870100068}",20,0,-91.55736774780192,"{0: 12, 1: 1, 2: 6, 3: 0, 4: 1}",0
184,False,"{'a': 0.0526125812803484, 'e': 0.7410255148906134}",35,0,-113.8579574932778,"{0: 25, 1: 1, 2: 6, 3: 2, 4: 1}",0
185,False,"{'a': 0.05177747861662013, 'e': 0.7383336863787902}",30,6,-99.53723282216022,"{0: 15, 1: 1, 2: 7, 3: 0, 4: 1}",1
186,False,"{'a': 0.0509556312701942, 'e': 0.735630044543736}",20,0,-8.267680667838164,"{0: 17, 1: 0, 2: 3, 3: 0, 4: 0}",0
187,False,"{'a': 0.050146828843661506, 'e': 0.7329146326436625}",20,8,11.001367779753217,"{0: 11, 1: 0, 2: 1, 3: 0, 4: 0}",1
188,False,"{'a': 0.04935086427918367, 'e': 0.7301874941251023}",20,14,-38.52752333872834,"{0: 4, 1: 1, 2: 0, 3: 0, 4: 1}",1
189,False,"{'a': 0.04856753380548512, 'e': 0.7274486726222134}",25,19,3.6856705104901564,"{0: 5, 1: 1, 2: 0, 3: 0, 4: 0}",1
190,False,"{'a': 0.047796636885686535, 'e': 0.7246982119560814}",25,15,-5.964897168438514,"{0: 8, 1: 0, 2: 2, 3: 0, 4: 0}",1
191,False,"{'a': 0.04703797616596628, 'e': 0.7219361561340183}",30,17,-7.83289972963393,"{0: 10, 1: 1, 2: 2, 3: 0, 4: 0}",1
192,False,"{'a': 0.04629135742503677, 'e': 0.7191625493488585}",25,7,-64.72863948813306,"{0: 15, 1: 0, 2: 1, 3: 0, 4: 2}",1
193,False,"{'a': 0.04555658952442276, 'e': 0.7163774359782511}",20,0,-45.0266795135201,"{0: 15, 1: 1, 2: 2, 3: 2, 4: 0}",0
194,False,"{'a': 0.044833484359528844, 'e': 0.7135808605839509}",20,14,8.301585639944609,"{0: 5, 1: 1, 2: 0, 3: 0, 4: 0}",1
195,False,"{'a': 0.04412185681148366, 'e': 0.7107728679111042}",25,4,-115.39898953825593,"{0: 11, 1: 3, 2: 4, 3: 2, 4: 1}",1
196,False,"{'a': 0.043421524699748464, 'e': 0.7079535028875343}",35,0,-37.378927090476544,"{0: 26, 1: 3, 2: 6, 3: 0, 4: 0}",0
197,False,"{'a': 0.04273230873547782, 'e': 0.7051228106230211}",25,0,-97.83874150602331,"{0: 18, 1: 2, 2: 3, 3: 0, 4: 2}",0
198,False,"{'a': 0.04205403247562084, 'e': 0.7022808364085805}",30,0,-96.46573853352172,"{0: 21, 1: 1, 2: 6, 3: 1, 4: 1}",0
199,False,"{'a': 0.041386522277750665, 'e': 0.6994276257157394}",30,4,-55.04582495355121,"{0: 20, 1: 3, 2: 1, 3: 1, 4: 1}",1
200,False,"{'a': 0.04072960725561111, 'e': 0.6965632241958079}",25,13,-80.02888701942472,"{0: 5, 1: 3, 2: 3, 3: 0, 4: 1}",1
201,False,"{'a': 0.04008311923536886, 'e': 0.6936876776791493}",20,6,-16.73814591379625,"{0: 10, 1: 1, 2: 3, 3: 0, 4: 0}",1
202,False,"{'a': 0.03944689271256, 'e': 0.6908010321744464}",20,0,-0.7664039788688284,"{0: 18, 1: 0, 2: 1, 3: 1, 4: 0}",0
203,False,"{'a': 0.038820764809720035, 'e': 0.687903333867966}",35,20,-23.987632843645397,"{0: 13, 1: 1, 2: 0, 3: 0, 4: 1}",1
204,False,"{'a': 0.038204575234686296, 'e': 0.6849946291228188}",25,0,-24.60201503711888,"{0: 19, 1: 3, 2: 2, 3: 1, 4: 0}",0
205,False,"{'a': 0.03759816623956234, 'e': 0.6820749644782189}",25,0,-34.30494013871033,"{0: 18, 1: 3, 2: 3, 3: 1, 4: 0}",0
206,False,"{'a': 0.03700138258033358, 'e': 0.6791443866487383}",20,0,-30.969603143618148,"{0: 17, 1: 1, 2: 1, 3: 0, 4: 1}",0
207,False,"{'a': 0.036414071477124, 'e': 0.6762029425235597}",35,0,-89.4287584675295,"{0: 27, 1: 2, 2: 4, 3: 0, 4: 2}",0
208,False,"{'a': 0.03583608257508364, 'e': 0.6732506791657265}",20,5,-97.59394815935904,"{0: 11, 1: 0, 2: 1, 3: 1, 4: 2}",1
209,False,"{'a': 0.03526726790589696, 'e': 0.6702876438113892}",20,0,-75.91748311706509,"{0: 14, 1: 0, 2: 4, 3: 1, 4: 1}",0
210,False,"{'a': 0.03470748184990214, 'e': 0.6673138838690503}",20,8,-107.29698768296656,"{0: 6, 1: 1, 2: 3, 3: 0, 4: 2}",1
211,False,"{'a': 0.034156581098811645, 'e': 0.6643294469188057}",20,7,-97.6746372899612,"{0: 7, 1: 2, 2: 2, 3: 0, 4: 2}",1
212,False,"{'a': 0.03361442461902451, 'e': 0.6613343807115826}",25,7,-30.81754936708335,"{0: 12, 1: 1, 2: 5, 3: 0, 4: 0}",1
213,False,"{'a': 0.033080873615520985, 'e': 0.6583287331683766}",20,10,3.3908162279469987,"{0: 9, 1: 0, 2: 1, 3: 0, 4: 0}",1
214,False,"{'a': 0.032555791496330255, 'e': 0.6553125523794843}",20,3,-33.259649443224426,"{0: 12, 1: 0, 2: 5, 3: 0, 4: 0}",1
215,False,"{'a': 0.032039043837562134, 'e': 0.6522858866037339}",20,12,-3.148763064657003,"{0: 7, 1: 0, 2: 0, 3: 1, 4: 0}",1
216,False,"{'a': 0.031530498348993824, 'e': 0.6492487842677133}",25,0,-90.07583030326074,"{0: 17, 1: 5, 2: 1, 3: 0, 4: 2}",0
217,False,"{'a': 0.031030024840202883, 'e': 0.646201293964995}",30,0,-101.71903026658987,"{0: 20, 1: 2, 2: 6, 3: 1, 4: 1}",0
218,False,"{'a': 0.03053749518723779, 'e': 0.6431434644553589}",25,0,-142.6291286399972,"{0: 16, 1: 2, 2: 3, 3: 2, 4: 2}",0
219,False,"{'a': 0.030052783299817493, 'e': 0.640075344664012}",25,0,-102.2595099308047,"{0: 16, 1: 3, 2: 3, 3: 2, 4: 1}",0
220,False,"{'a': 0.029575765089051617, 'e': 0.6369969836808052}",35,0,-132.818888858332,"{0: 23, 1: 2, 2: 7, 3: 2, 4: 1}",0
221,False,"{'a': 0.029106318435673028, 'e': 0.6339084307594489}",20,0,-70.649431567162,"{0: 16, 1: 0, 2: 1, 3: 2, 4: 1}",0
222,False,"{'a': 0.028644323158774635, 'e': 0.6308097353167238}",30,0,-210.3954170227041,"{0: 21, 1: 0, 2: 4, 3: 0, 4: 5}",0
223,False,"{'a': 0.02818966098504242, 'e': 0.6277009469316909}",30,0,-3.752863685191162,"{0: 27, 1: 0, 2: 2, 3: 1, 4: 0}",0
224,False,"{'a': 0.027742215518476825, 'e': 0.624582115344898}",20,0,-56.947617147012174,"{0: 12, 1: 2, 2: 6, 3: 0, 4: 0}",0
225,False,"{'a': 0.02730187221059474, 'e': 0.621453290457584}",30,22,9.672256770040152,"{0: 7, 1: 1, 2: 0, 3: 0, 4: 0}",1
226,False,"{'a': 0.026868518331104464, 'e': 0.6183145223308804}",20,0,-124.47293744192037,"{0: 13, 1: 1, 2: 2, 3: 2, 4: 2}",0
227,False,"{'a': 0.02644204293904614, 'e': 0.6151658611850102}",20,5,19.81168056660777,"{0: 14, 1: 1, 2: 0, 3: 0, 4: 0}",1
228,False,"{'a': 0.02602233685439026, 'e': 0.6120073573984846}",20,0,-56.26396136917545,"{0: 12, 1: 4, 2: 3, 3: 1, 4: 0}",0
229,False,"{'a': 0.025609292630086964, 'e': 0.6088390615072967}",20,10,-34.26230637728673,"{0: 7, 1: 1, 2: 0, 3: 2, 4: 0}",1
230,False,"{'a': 0.025202804524559048, 'e': 0.6056610242041133}",20,0,-45.35070046525486,"{0: 16, 1: 2, 2: 0, 3: 1, 4: 1}",0
231,False,"{'a': 0.02480276847463151, 'e': 0.6024732963374634}",25,0,-44.95985048532992,"{0: 18, 1: 2, 2: 4, 3: 1, 4: 0}",0
232,False,"{'a': 0.02440908206889082, 'e': 0.5992759289109247}",20,1,-29.578359581198068,"{0: 15, 1: 0, 2: 3, 3: 1, 4: 0}",1
233,False,"{'a': 0.024021644521467038, 'e': 0.5960689730823082}",20,10,14.677735760381422,"{0: 10, 1: 0, 2: 0, 3: 0, 4: 0}",1
234,False,"{'a': 0.023640356646232076, 'e': 0.5928524801628384}",20,0,-14.628233003184315,"{0: 16, 1: 1, 2: 3, 3: 0, 4: 0}",0
235,False,"{'a': 0.02326512083140752, 'e': 0.5896265016163336}",20,7,-45.98154182398565,"{0: 10, 1: 0, 2: 2, 3: 0, 4: 1}",1
236,False,"{'a': 0.02289584101457547, 'e': 0.5863910890583814}",25,0,-35.24780461988837,"{0: 21, 1: 1, 2: 2, 3: 0, 4: 1}",0
237,False,"{'a': 0.022532422658086037, 'e': 0.5831462942555141}",20,4,-65.54124182371305,"{0: 8, 1: 4, 2: 2, 3: 2, 4: 0}",1
238,False,"{'a': 0.022174772724855196, 'e': 0.5798921691243791}",25,7,-38.67626133006334,"{0: 14, 1: 2, 2: 1, 3: 0, 4: 1}",1
239,False,"{'a': 0.021822799654546775, 'e': 0.5766287657309093}",30,0,-8.641104209625041,"{0: 26, 1: 1, 2: 2, 3: 1, 4: 0}",0
240,False,"{'a': 0.02147641334013252, 'e': 0.573356136289489}",20,0,-49.254081555417955,"{0: 15, 1: 0, 2: 3, 3: 2, 4: 0}",0
241,False,"{'a': 0.02113552510482419, 'e': 0.5700743331621198}",20,2,-41.99791374810545,"{0: 12, 1: 2, 2: 3, 3: 1, 4: 0}",1
242,False,"{'a': 0.020800047679371828, 'e': 0.5667834088575815}",20,12,-38.65643780118822,"{0: 6, 1: 0, 2: 1, 3: 0, 4: 1}",1
243,False,"{'a': 0.02046989517972235, 'e': 0.5634834160305929}",25,15,-30.25156620132877,"{0: 5, 1: 3, 2: 2, 3: 0, 4: 0}",1
244,False,"{'a': 0.020144983085032753, 'e': 0.5601744074809688}",30,7,-55.212242653757755,"{0: 16, 1: 0, 2: 6, 3: 1, 4: 0}",1
245,False,"{'a': 0.019825228216032335, 'e': 0.5568564361527754}",25,17,-15.745973672091699,"{0: 5, 1: 1, 2: 2, 3: 0, 4: 0}",1
246,False,"{'a': 0.019510548713728322, 'e': 0.553529555133483}",25,0,-14.694219646754139,"{0: 21, 1: 1, 2: 2, 3: 1, 4: 0}",0
247,False,"{'a': 0.019200864018449545, 'e': 0.5501938176531173}",20,8,-16.936797937039874,"{0: 9, 1: 0, 2: 3, 3: 0, 4: 0}",1
248,False,"{'a': 0.0188960948492227, 'e': 0.5468492770834065}",25,0,-168.1738157376794,"{0: 18, 1: 2, 2: 0, 3: 1, 4: 4}",1
249,False,"{'a': 0.018596163183476015, 'e': 0.5434959869369285}",20,15,-15.403402635492506,"{0: 4, 1: 0, 2: 0, 3: 1, 4: 0}",1
250,False,"{'a': 0.018300992237065015, 'e': 0.5401340008662541}",35,9,-91.84860552802648,"{0: 18, 1: 0, 2: 6, 3: 1, 4: 1}",1
251,False,"{'a': 0.01801050644461537, 'e': 0.5367633726630886}",25,13,15.36110439145244,"{0: 11, 1: 1, 2: 0, 3: 0, 4: 0}",1
252,False,"{'a': 0.017724631440177767, 'e': 0.5333841562574115}",30,1,-0.1117209318833492,"{0: 24, 1: 3, 2: 2, 3: 0, 4: 0}",1
253,False,"{'a': 0.017443294038189793, 'e': 0.5299964057166132}",20,0,-85.37458995698537,"{0: 16, 1: 1, 2: 0, 3: 1, 4: 2}",1
254,False,"{'a': 0.017166422214740053, 'e': 0.5266001752446299}",20,11,-5.668379185771345,"{0: 7, 1: 1, 2: 1, 3: 0, 4: 0}",1
255,False,"{'a': 0.01689394508912964, 'e': 0.5231955191810769}",35,3,-144.1321279464281,"{0: 24, 1: 2, 2: 1, 3: 2, 4: 3}",1
256,False,"{'a': 0.0166257929057263, 'e': 0.5197824920003785}",35,25,19.283501402976015,"{0: 10, 1: 0, 2: 0, 3: 0, 4: 0}",1
257,False,"{'a': 0.016361897016106592, 'e': 0.5163611483108967}",25,0,-78.02958344168545,"{0: 20, 1: 0, 2: 3, 3: 0, 4: 2}",0
258,False,"{'a': 0.01610218986148155, 'e': 0.5129315428540577}",20,13,-38.41776274833687,"{0: 5, 1: 0, 2: 1, 3: 0, 4: 1}",1
259,False,"{'a': 0.015846604955401217, 'e': 0.5094937305034756}",35,16,-27.852582914397185,"{0: 17, 1: 0, 2: 0, 3: 1, 4: 1}",1
260,False,"{'a': 0.015595076866733802, 'e': 0.5060477662640745}",25,12,10.459610003204947,"{0: 12, 1: 0, 2: 1, 3: 0, 4: 0}",1
261,False,"{'a': 0.015347541202914908, 'e': 0.502593705271209}",25,17,-9.185656346976913,"{0: 6, 1: 0, 2: 2, 3: 0, 4: 0}",1
262,False,"{'a': 0.015103934593462716, 'e': 0.4991316027897811}",20,9,-25.38920841151528,"{0: 8, 1: 0, 2: 2, 3: 1, 4: 0}",1
263,False,"{'a': 0.014864194673754775, 'e': 0.49566151421335664}",20,1,8.40904884346693,"{0: 17, 1: 1, 2: 1, 3: 0, 4: 0}",1
264,False,"{'a': 0.01462826006906233, 'e': 0.49218349506327896}",20,15,4.058602027156539,"{0: 4, 1: 1, 2: 0, 3: 0, 4: 0}",1
265,False,"{'a': 0.01439607037883805, 'e': 0.48869760098778015}",30,0,-74.00708777004589,"{0: 26, 1: 0, 2: 1, 3: 1, 4: 2}",0
266,False,"{'a': 0.014167566161253163, 'e': 0.485203887761091}",20,16,7.486876652611334,"{0: 4, 1: 0, 2: 0, 3: 0, 4: 0}",1
267,False,"{'a': 0.013942688917980018, 'e': 0.4817024112825488}",30,0,-51.76954711307661,"{0: 24, 1: 1, 2: 4, 3: 0, 4: 1}",0
268,False,"{'a': 0.013721381079216197, 'e': 0.47819322757570226}",20,12,1.9093386340410028,"{0: 7, 1: 0, 2: 1, 3: 0, 4: 0}",1
269,False,"{'a': 0.013503585988946333, 'e': 0.4746763927874161}",30,0,-19.358130501267777,"{0: 24, 1: 3, 2: 2, 3: 1, 4: 0}",0
270,False,"{'a': 0.01328924789043785, 'e': 0.47115196318697167}",20,0,-1.4526717013117219,"{0: 18, 1: 0, 2: 2, 3: 0, 4: 0}",0
271,False,"{'a': 0.013078311911966954, 'e': 0.46761999516516756}",20,0,-51.113860962574115,"{0: 14, 1: 2, 2: 2, 3: 2, 4: 0}",1
272,False,"{'a': 0.01287072405277115, 'e': 0.46408054523341663}",30,12,-79.31620115833786,"{0: 12, 1: 2, 2: 1, 3: 2, 4: 1}",1
273,False,"{'a': 0.012666431169224768, 'e': 0.4605336700228424}",20,0,-130.1056453258473,"{0: 13, 1: 0, 2: 3, 3: 2, 4: 2}",0
274,False,"{'a': 0.012465380961233903, 'e': 0.45697942628337246}",20,11,-18.485597721521607,"{0: 6, 1: 2, 2: 0, 3: 1, 4: 0}",1
275,False,"{'a': 0.012267521958847295, 'e': 0.4534178708828309}",20,6,15.706503383440833,"{0: 13, 1: 0, 2: 1, 3: 0, 4: 0}",1
276,False,"{'a': 0.01207280350907975, 'e': 0.44984906080602816}",20,12,-9.016055112400293,"{0: 6, 1: 0, 2: 2, 3: 0, 4: 0}",1
277,False,"{'a': 0.011881175762944696, 'e': 0.44627305315384924}",20,7,12.163662058256726,"{0: 12, 1: 1, 2: 0, 3: 0, 4: 0}",1
278,False,"{'a': 0.01169258966269257, 'e': 0.4426899051423404}",30,8,-12.373768310461038,"{0: 18, 1: 0, 2: 4, 3: 0, 4: 0}",1
279,False,"{'a': 0.01150699692925177, 'e': 0.4390996741017933}",20,6,-3.301289280339014,"{0: 11, 1: 1, 2: 2, 3: 0, 4: 0}",1
280,False,"{'a': 0.01132435004986894, 'e': 0.435502417475828}",25,15,15.980251851025269,"{0: 10, 1: 0, 2: 0, 3: 0, 4: 0}",1
281,False,"{'a': 0.011144602265945453, 'e': 0.43189819282047387}",20,6,29.08489628167748,"{0: 14, 1: 0, 2: 0, 3: 0, 4: 0}",1
282,False,"{'a': 0.010967707561066957, 'e': 0.4282870578032484}",30,0,0.27823331518629013,"{0: 27, 1: 0, 2: 2, 3: 1, 4: 0}",0
283,False,"{'a': 0.010793620649222912, 'e': 0.4246690702022348}",20,0,4.215004196589537,"{0: 17, 1: 2, 2: 1, 3: 0, 4: 0}",0
284,False,"{'a': 0.01062229696321313, 'e': 0.4210442879051577}",35,3,6.871740722808849,"{0: 29, 1: 0, 2: 2, 3: 1, 4: 0}",1
285,False,"{'a': 0.010453692643238331, 'e': 0.4174127689084563}",25,6,-20.778504893085426,"{0: 15, 1: 2, 2: 1, 3: 1, 4: 0}",1
286,False,"{'a': 0.010287764525671789, 'e': 0.41377457131635714}",25,1,-19.39512645175521,"{0: 22, 1: 0, 2: 1, 3: 0, 4: 1}",1
287,False,"{'a': 0.010124470132009209, 'e': 0.41012975333994417}",25,18,4.123325692066632,"{0: 6, 1: 1, 2: 0, 3: 0, 4: 0}",1
288,False,"{'a': 0.01, 'e': 0.40647837329622716}",30,0,-2.2421092913872576,"{0: 26, 1: 1, 2: 3, 3: 0, 4: 0}",0
289,False,"{'a': 0.01, 'e': 0.40282048960720895}",30,18,-26.543379461599926,"{0: 10, 1: 1, 2: 0, 3: 0, 4: 1}",1
290,False,"{'a': 0.01, 'e': 0.39915616079895055}",20,0,-81.59697986749617,"{0: 13, 1: 2, 2: 3, 3: 1, 4: 1}",0
291,False,"{'a': 0.01, 'e': 0.39548544550063464}",25,12,26.324645491799284,"{0: 13, 1: 0, 2: 0, 3: 0, 4: 0}",1
292,False,"{'a': 0.01, 'e': 0.3918084024436278}",20,3,-51.140608833678606,"{0: 13, 1: 0, 2: 3, 3: 0, 4: 1}",1
293,False,"{'a': 0.01, 'e': 0.3881250904605404}",20,0,7.028795863820567,"{0: 18, 1: 1, 2: 1, 3: 0, 4: 0}",0
294,False,"{'a': 0.01, 'e': 0.3844355684842856}",20,0,-29.861693748142653,"{0: 15, 1: 2, 2: 2, 3: 1, 4: 0}",1
295,False,"{'a': 0.01, 'e': 0.3807398955471364}",20,10,17.52533153264377,"{0: 10, 1: 0, 2: 0, 3: 0, 4: 0}",1
296,False,"{'a': 0.01, 'e': 0.3770381307797808}",20,6,-17.887871405724027,"{0: 13, 1: 0, 2: 0, 3: 0, 4: 1}",1
297,False,"{'a': 0.01, 'e': 0.3733303334103763}",25,9,-34.9157142522806,"{0: 13, 1: 0, 2: 2, 3: 0, 4: 1}",1
298,False,"{'a': 0.01, 'e': 0.3696165627636016}",25,15,16.505031374286485,"{0: 10, 1: 0, 2: 0, 3: 0, 4: 0}",1
299,False,"{'a': 0.01, 'e': 0.3658968782597078}",20,0,-0.37909727658957615,"{0: 18, 1: 1, 2: 0, 3: 1, 4: 0}",0
300,False,"{'a': 0.01, 'e': 0.36217133941356766}",25,6,-35.16080531071014,"{0: 16, 1: 1, 2: 1, 3: 0, 4: 1}",1
301,False,"{'a': 0.01, 'e': 0.3584400058337232}",20,12,14.670578146732812,"{0: 8, 1: 0, 2: 0, 3: 0, 4: 0}",1
302,False,"{'a': 0.01, 'e': 0.3547029372214321}",20,10,2.9043571285673098,"{0: 8, 1: 2, 2: 0, 3: 0, 4: 0}",1
303,False,"{'a': 0.01, 'e': 0.35096019336971246}",25,18,4.893706805882644,"{0: 6, 1: 1, 2: 0, 3: 0, 4: 0}",1
304,False,"{'a': 0.01, 'e': 0.3472118341623861}",25,17,7.3161006868784755,"{0: 7, 1: 1, 2: 0, 3: 0, 4: 0}",1
305,False,"{'a': 0.01, 'e': 0.3434579195731203}",20,11,-7.485971383344715,"{0: 8, 1: 0, 2: 0, 3: 1, 4: 0}",1
306,False,"{'a': 0.01, 'e': 0.3396985096644684}",30,0,-41.591007250241695,"{0: 25, 1: 0, 2: 4, 3: 0, 4: 1}",1
307,False,"{'a': 0.01, 'e': 0.33593366458690876}",20,0,-63.35618875622915,"{0: 15, 1: 1, 2: 2, 3: 1, 4: 1}",0
308,False,"{'a': 0.01, 'e': 0.33216344457788255}",25,18,13.25275333140715,"{0: 7, 1: 0, 2: 0, 3: 0, 4: 0}",1
309,False,"{'a': 0.01, 'e': 0.328387909960829}",20,12,-29.12153570409712,"{0: 7, 1: 0, 2: 0, 3: 0, 4: 1}",1
310,False,"{'a': 0.01, 'e': 0.32460712114422174}",30,0,-7.2887804760107375,"{0: 26, 1: 1, 2: 2, 3: 1, 4: 0}",0
311,False,"{'a': 0.01, 'e': 0.3208211386206011}",25,18,2.027622915437357,"{0: 6, 1: 0, 2: 1, 3: 0, 4: 0}",1
312,False,"{'a': 0.01, 'e': 0.3170300229656067}",20,6,-29.066492832661773,"{0: 12, 1: 0, 2: 1, 3: 0, 4: 1}",1
313,False,"{'a': 0.01, 'e': 0.3132338348370081}",25,8,-7.746893692249808,"{0: 13, 1: 2, 2: 2, 3: 0, 4: 0}",1
314,False,"{'a': 0.01, 'e': 0.3094326349737345}",20,0,-33.34837486320875,"{0: 17, 1: 1, 2: 1, 3: 0, 4: 1}",0
315,False,"{'a': 0.01, 'e': 0.3056264841949025}",20,0,-91.31773571741908,"{0: 14, 1: 2, 2: 2, 3: 0, 4: 2}",0
316,False,"{'a': 0.01, 'e': 0.3018154433988435}",20,0,8.529127046920252,"{0: 18, 1: 1, 2: 1, 3: 0, 4: 0}",0
317,False,"{'a': 0.01, 'e': 0.29799957356212875}",30,14,-24.473180518539856,"{0: 14, 1: 0, 2: 1, 3: 0, 4: 1}",1
318,False,"{'a': 0.01, 'e': 0.2941789357385944}",20,12,-7.947472735663877,"{0: 7, 1: 0, 2: 0, 3: 1, 4: 0}",1
319,False,"{'a': 0.01, 'e': 0.29035359105836395}",25,1,-46.54982519551876,"{0: 19, 1: 1, 2: 3, 3: 0, 4: 1}",1
320,False,"{'a': 0.01, 'e': 0.28652360072687083}",20,14,12.424300102709566,"{0: 6, 1: 0, 2: 0, 3: 0, 4: 0}",1
321,False,"{'a': 0.01, 'e': 0.2826890260238786}",25,13,7.298027772170786,"{0: 11, 1: 0, 2: 1, 3: 0, 4: 0}",1
322,False,"{'a': 0.01, 'e': 0.27884992830250066}",25,0,26.301528297846584,"{0: 24, 1: 0, 2: 1, 3: 0, 4: 0}",0
323,False,"{'a': 0.01, 'e': 0.2750063689882187}",25,0,-4.539583144017945,"{0: 22, 1: 0, 2: 3, 3: 0, 4: 0}",0
324,False,"{'a': 0.01, 'e': 0.27115840957789966}",35,5,30.732490871270382,"{0: 28, 1: 2, 2: 0, 3: 0, 4: 0}",1
325,False,"{'a': 0.01, 'e': 0.2673061116388121}",30,20,10.27406107463801,"{0: 9, 1: 1, 2: 0, 3: 0, 4: 0}",1
326,False,"{'a': 0.01, 'e': 0.2634495368076409}",25,16,-19.94614309729919,"{0: 7, 1: 0, 2: 1, 3: 1, 4: 0}",1
327,False,"{'a': 0.01, 'e': 0.259588746789501}",30,18,9.054265532004665,"{0: 11, 1: 0, 2: 1, 3: 0, 4: 0}",1
328,False,"{'a': 0.01, 'e': 0.2557238033569504}",20,10,-49.82415599497781,"{0: 7, 1: 0, 2: 2, 3: 0, 4: 1}",1
329,False,"{'a': 0.01, 'e': 0.25185476834900145}",30,18,-3.1000729441059596,"{0: 10, 1: 0, 2: 2, 3: 0, 4: 0}",1
330,False,"{'a': 0.01, 'e': 0.24798170367013186}",25,2,32.06131182699643,"{0: 22, 1: 1, 2: 0, 3: 0, 4: 0}",1
331,False,"{'a': 0.01, 'e': 0.24410467128929383}",20,2,-98.29590032449235,"{0: 13, 1: 0, 2: 2, 3: 1, 4: 2}",1
332,False,"{'a': 0.01, 'e': 0.2402237332389227}",25,0,31.283613830146145,"{0: 24, 1: 0, 2: 1, 3: 0, 4: 0}",1
333,False,"{'a': 0.01, 'e': 0.23633895161394455}",30,8,-42.62624073056281,"{0: 20, 1: 0, 2: 0, 3: 0, 4: 2}",1
334,False,"{'a': 0.01, 'e': 0.23245038857078246}",20,16,8.525667829185187,"{0: 4, 1: 0, 2: 0, 3: 0, 4: 0}",1
335,False,"{'a': 0.01, 'e': 0.22855810632636217}",20,10,-15.020736501689836,"{0: 8, 1: 0, 2: 1, 3: 1, 4: 0}",1
336,False,"{'a': 0.01, 'e': 0.22466216715711657}",25,16,13.454178746681402,"{0: 9, 1: 0, 2: 0, 3: 0, 4: 0}",1
337,False,"{'a': 0.01, 'e': 0.22076263339798924}",25,17,-6.751069179855321,"{0: 7, 1: 0, 2: 0, 3: 1, 4: 0}",1
338,False,"{'a': 0.01, 'e': 0.21685956744143717}",25,15,13.25237941987649,"{0: 9, 1: 1, 2: 0, 3: 0, 4: 0}",1
339,False,"{'a': 0.01, 'e': 0.21295303173643235}",30,16,-26.001628947442022,"{0: 12, 1: 1, 2: 0, 3: 0, 4: 1}",1
340,False,"{'a': 0.01, 'e': 0.20904308878746272}",25,12,0.6568192911364357,"{0: 11, 1: 0, 2: 2, 3: 0, 4: 0}",1
341,False,"{'a': 0.01, 'e': 0.2051298011535321}",30,0,-33.423791809161955,"{0: 27, 1: 0, 2: 1, 3: 1, 4: 1}",0
342,False,"{'a': 0.01, 'e': 0.20121323144715914}",20,8,21.377586185594588,"{0: 12, 1: 0, 2: 0, 3: 0, 4: 0}",1
343,False,"{'a': 0.01, 'e': 0.19729344233337553}",20,6,25.897636500627645,"{0: 14, 1: 0, 2: 0, 3: 0, 4: 0}",1
344,False,"{'a': 0.01, 'e': 0.19337049652872354}",20,16,8.533654126793689,"{0: 4, 1: 0, 2: 0, 3: 0, 4: 0}",1
345,False,"{'a': 0.01, 'e': 0.18944445680025232}",30,12,11.605861170441727,"{0: 17, 1: 0, 2: 0, 3: 1, 4: 0}",1
346,False,"{'a': 0.01, 'e': 0.18551538596451378}",25,12,28.07140295544786,"{0: 13, 1: 0, 2: 0, 3: 0, 4: 0}",1
347,False,"{'a': 0.01, 'e': 0.18158334688655745}",25,9,18.366503104586343,"{0: 15, 1: 1, 2: 0, 3: 0, 4: 0}",1
348,False,"{'a': 0.01, 'e': 0.17764840247892472}",25,0,-13.255449556959467,"{0: 21, 1: 1, 2: 2, 3: 1, 4: 0}",0
349,False,"{'a': 0.01, 'e': 0.17371061570064217}",25,6,35.787296262760556,"{0: 19, 1: 0, 2: 0, 3: 0, 4: 0}",1
350,False,"{'a': 0.01, 'e': 0.16977004955621422}",25,13,22.64303926088565,"{0: 12, 1: 0, 2: 0, 3: 0, 4: 0}",1
351,False,"{'a': 0.01, 'e': 0.16582676709461514}",25,13,20.959430431270338,"{0: 12, 1: 0, 2: 0, 3: 0, 4: 0}",1
352,False,"{'a': 0.01, 'e': 0.16188083140828016}",30,3,34.32389206964664,"{0: 26, 1: 0, 2: 1, 3: 0, 4: 0}",1
353,False,"{'a': 0.01, 'e': 0.15793230563209612}",30,11,24.984654645236972,"{0: 18, 1: 0, 2: 1, 3: 0, 4: 0}",1
354,False,"{'a': 0.01, 'e': 0.15398125294239118}",20,11,-22.053256627442295,"{0: 8, 1: 0, 2: 0, 3: 0, 4: 1}",1
355,False,"{'a': 0.01, 'e': 0.1500277365559241}",30,3,11.161613533842855,"{0: 23, 1: 2, 2: 2, 3: 0, 4: 0}",1
356,False,"{'a': 0.01, 'e': 0.14607181972887273}",25,9,25.62145005295056,"{0: 16, 1: 0, 2: 0, 3: 0, 4: 0}",1
357,False,"{'a': 0.01, 'e': 0.14211356575582187}",25,10,-9.79151439772993,"{0: 12, 1: 0, 2: 3, 3: 0, 4: 0}",1
358,False,"{'a': 0.01, 'e': 0.1381530379687507}",20,15,3.4819186926038146,"{0: 4, 1: 1, 2: 0, 3: 0, 4: 0}",1
359,False,"{'a': 0.01, 'e': 0.13419029973601926}",35,20,16.35105442340003,"{0: 14, 1: 0, 2: 1, 3: 0, 4: 0}",1
360,False,"{'a': 0.01, 'e': 0.13022541446135477}",20,7,-18.019794338537686,"{0: 12, 1: 0, 2: 0, 3: 0, 4: 1}",1
361,False,"{'a': 0.01, 'e': 0.12625844558283705}",20,11,17.33495484072544,"{0: 9, 1: 0, 2: 0, 3: 0, 4: 0}",1
362,False,"{'a': 0.01, 'e': 0.12228945657188353}",20,12,3.129051609611254,"{0: 7, 1: 0, 2: 1, 3: 0, 4: 0}",1
363,False,"{'a': 0.01, 'e': 0.1183185109322337}",20,16,7.000409832185362,"{0: 4, 1: 0, 2: 0, 3: 0, 4: 0}",1
364,False,"{'a': 0.01, 'e': 0.11434567219893306}",20,16,7.2986555710018095,"{0: 4, 1: 0, 2: 0, 3: 0, 4: 0}",1
365,False,"{'a': 0.01, 'e': 0.11037100393731662}",30,16,21.67075026774055,"{0: 14, 1: 0, 2: 0, 3: 0, 4: 0}",1
366,False,"{'a': 0.01, 'e': 0.10639456974199177}",20,7,25.665783321629547,"{0: 13, 1: 0, 2: 0, 3: 0, 4: 0}",1
367,False,"{'a': 0.01, 'e': 0.10241643323582078}",25,16,17.27418773026453,"{0: 9, 1: 0, 2: 0, 3: 0, 4: 0}",1
368,False,"{'a': 0.01, 'e': 0.09843665806890292}",20,8,24.44882865247654,"{0: 12, 1: 0, 2: 0, 3: 0, 4: 0}",1
369,False,"{'a': 0.01, 'e': 0.09445530791755592}",25,17,3.3726233911020014,"{0: 7, 1: 0, 2: 1, 3: 0, 4: 0}",1
370,False,"{'a': 0.01, 'e': 0.0904724464832973}",20,9,9.191533587860341,"{0: 10, 1: 0, 2: 1, 3: 0, 4: 0}",1
371,False,"{'a': 0.01, 'e': 0.08648813749182502}",20,16,9.129970619594372,"{0: 4, 1: 0, 2: 0, 3: 0, 4: 0}",1
372,False,"{'a': 0.01, 'e': 0.08250244469199816}",20,3,24.769798100426208,"{0: 17, 1: 0, 2: 0, 3: 0, 4: 0}",1
373,False,"{'a': 0.01, 'e': 0.07851543185481608}",35,23,23.409336063662643,"{0: 12, 1: 0, 2: 0, 3: 0, 4: 0}",1
374,False,"{'a': 0.01, 'e': 0.0745271627723993}",20,13,13.151184591834216,"{0: 7, 1: 0, 2: 0, 3: 0, 4: 0}",1
375,False,"{'a': 0.01, 'e': 0.07053770125696808}",20,2,25.413454339688666,"{0: 18, 1: 0, 2: 0, 3: 0, 4: 0}",1
376,False,"{'a': 0.01, 'e': 0.06654711113982155}",25,17,13.250255913159375,"{0: 8, 1: 0, 2: 0, 3: 0, 4: 0}",1
377,False,"{'a': 0.01, 'e': 0.06255545627031646}",25,14,23.478044366120102,"{0: 11, 1: 0, 2: 0, 3: 0, 4: 0}",1
378,False,"{'a': 0.01, 'e': 0.05856280051484556}",25,0,33.13871149588658,"{0: 24, 1: 0, 2: 1, 3: 0, 4: 0}",1
379,False,"{'a': 0.01, 'e': 0.05456920775581576}",25,20,11.292820638561054,"{0: 5, 1: 0, 2: 0, 3: 0, 4: 0}",1
380,False,"{'a': 0.01, 'e': 0.050574741890626}",30,14,24.29566508137035,"{0: 16, 1: 0, 2: 0, 3: 0, 4: 0}",1
381,False,"{'a': 0.01, 'e': 0.04657946683064493}",30,12,21.456563474524483,"{0: 17, 1: 0, 2: 1, 3: 0, 4: 0}",1
1,True,"{'a': 0, 'e': 0}",30,8,38.89108830692006,"{0: 22, 1: 0, 2: 0, 3: 0, 4: 0}",1
2,True,"{'a': 0, 'e': 0}",25,20,11.23088766707313,"{0: 5, 1: 0, 2: 0, 3: 0, 4: 0}",1
3,True,"{'a': 0, 'e': 0}",25,13,18.792009081602266,"{0: 12, 1: 0, 2: 0, 3: 0, 4: 0}",1
4,True,"{'a': 0, 'e': 0}",35,17,35.304847213260096,"{0: 18, 1: 0, 2: 0, 3: 0, 4: 0}",1
5,True,"{'a': 0, 'e': 0}",25,10,29.266140324541112,"{0: 15, 1: 0, 2: 0, 3: 0, 4: 0}",1
6,True,"{'a': 0, 'e': 0}",25,11,27.589074849698996,"{0: 14, 1: 0, 2: 0, 3: 0, 4: 0}",1
7,True,"{'a': 0, 'e': 0}",30,18,24.389956757038796,"{0: 12, 1: 0, 2: 0, 3: 0, 4: 0}",1
8,True,"{'a': 0, 'e': 0}",20,6,24.218733377470688,"{0: 14, 1: 0, 2: 0, 3: 0, 4: 0}",1
9,True,"{'a': 0, 'e': 0}",25,11,23.250363784836466,"{0: 14, 1: 0, 2: 0, 3: 0, 4: 0}",1
10,True,"{'a': 0, 'e': 0}",30,20,17.064040306816096,"{0: 10, 1: 0, 2: 0, 3: 0, 4: 0}",1
11,True,"{'a': 0, 'e': 0}",25,11,26.802139160344577,"{0: 14, 1: 0, 2: 0, 3: 0, 4: 0}",1
12,True,"{'a': 0, 'e': 0}",30,24,13.140425313286,"{0: 6, 1: 0, 2: 0, 3: 0, 4: 0}",1
13,True,"{'a': 0, 'e': 0}",20,16,7.617887946059282,"{0: 4, 1: 0, 2: 0, 3: 0, 4: 0}",1
14,True,"{'a': 0, 'e': 0}",30,16,28.651421682955842,"{0: 14, 1: 0, 2: 0, 3: 0, 4: 0}",1
15,True,"{'a': 0, 'e': 0}",20,6,26.50145040065231,"{0: 14, 1: 0, 2: 0, 3: 0, 4: 0}",1
16,True,"{'a': 0, 'e': 0}",25,8,31.229803094468952,"{0: 17, 1: 0, 2: 0, 3: 0, 4: 0}",1
17,True,"{'a': 0, 'e': 0}",35,9,40.781504140497766,"{0: 26, 1: 0, 2: 0, 3: 0, 4: 0}",1
18,True,"{'a': 0, 'e': 0}",30,22,15.111172829331451,"{0: 8, 1: 0, 2: 0, 3: 0, 4: 0}",1
19,True,"{'a': 0, 'e': 0}",25,15,19.845063614151247,"{0: 10, 1: 0, 2: 0, 3: 0, 4: 0}",1
20,True,"{'a': 0, 'e': 0}",30,16,23.47137878072602,"{0: 14, 1: 0, 2: 0, 3: 0, 4: 0}",1
21,True,"{'a': 0, 'e': 0}",20,12,17.59028420670554,"{0: 8, 1: 0, 2: 0, 3: 0, 4: 0}",1
22,True,"{'a': 0, 'e': 0}",25,14,21.246194931734003,"{0: 11, 1: 0, 2: 0, 3: 0, 4: 0}",1
23,True,"{'a': 0, 'e': 0}",20,12,15.468943585163752,"{0: 8, 1: 0, 2: 0, 3: 0, 4: 0}",1
24,True,"{'a': 0, 'e': 0}",20,14,10.63932488500329,"{0: 6, 1: 0, 2: 0, 3: 0, 4: 0}",1
25,True,"{'a': 0, 'e': 0}",25,17,14.222693026889178,"{0: 8, 1: 0, 2: 0, 3: 0, 4: 0}",1
26,True,"{'a': 0, 'e': 0}",20,10,19.232694514081267,"{0: 10, 1: 0, 2: 0, 3: 0, 4: 0}",1
27,True,"{'a': 0, 'e': 0}",25,7,34.819868303276664,"{0: 18, 1: 0, 2: 0, 3: 0, 4: 0}",1
28,True,"{'a': 0, 'e': 0}",35,12,40.20567038697967,"{0: 23, 1: 0, 2: 0, 3: 0, 4: 0}",1
29,True,"{'a': 0, 'e': 0}",30,18,24.403650873321034,"{0: 12, 1: 0, 2: 0, 3: 0, 4: 0}",1
30,True,"{'a': 0, 'e': 0}",25,18,11.709496777276305,"{0: 7, 1: 0, 2: 0, 3: 0, 4: 0}",1
31,True,"{'a': 0, 'e': 0}",25,18,13.664382133325269,"{0: 7, 1: 0, 2: 0, 3: 0, 4: 0}",1
32,True,"{'a': 0, 'e': 0}",20,16,8.61782906551929,"{0: 4, 1: 0, 2: 0, 3: 0, 4: 0}",1
33,True,"{'a': 0, 'e': 0}",30,21,14.926070242151761,"{0: 9, 1: 0, 2: 0, 3: 0, 4: 0}",1
34,True,"{'a': 0, 'e': 0}",20,8,21.022370020165287,"{0: 12, 1: 0, 2: 0, 3: 0, 4: 0}",1
35,True,"{'a': 0, 'e': 0}",20,11,19.102480762025667,"{0: 9, 1: 0, 2: 0, 3: 0, 4: 0}",1
36,True,"{'a': 0, 'e': 0}",20,12,16.07592667261888,"{0: 8, 1: 0, 2: 0, 3: 0, 4: 0}",1
37,True,"{'a': 0, 'e': 0}",20,12,12.02998003414954,"{0: 8, 1: 0, 2: 0, 3: 0, 4: 0}",1
38,True,"{'a': 0, 'e': 0}",25,14,21.402647600479153,"{0: 11, 1: 0, 2: 0, 3: 0, 4: 0}",1
39,True,"{'a': 0, 'e': 0}",25,13,24.41572034314882,"{0: 12, 1: 0, 2: 0, 3: 0, 4: 0}",1
40,True,"{'a': 0, 'e': 0}",20,13,12.902670788714286,"{0: 7, 1: 0, 2: 0, 3: 0, 4: 0}",1
41,True,"{'a': 0, 'e': 0}",25,5,32.975865502765686,"{0: 20, 1: 0, 2: 0, 3: 0, 4: 0}",1
42,True,"{'a': 0, 'e': 0}",25,12,24.03139473388197,"{0: 13, 1: 0, 2: 0, 3: 0, 4: 0}",1
43,True,"{'a': 0, 'e': 0}",20,14,11.555676555880492,"{0: 6, 1: 0, 2: 0, 3: 0, 4: 0}",1
44,True,"{'a': 0, 'e': 0}",25,11,27.53451818470669,"{0: 14, 1: 0, 2: 0, 3: 0, 4: 0}",1
45,True,"{'a': 0, 'e': 0}",20,12,16.250713573579457,"{0: 8, 1: 0, 2: 0, 3: 0, 4: 0}",1
46,True,"{'a': 0, 'e': 0}",25,11,23.414620697435602,"{0: 14, 1: 0, 2: 0, 3: 0, 4: 0}",1
47,True,"{'a': 0, 'e': 0}",25,15,19.875900769311997,"{0: 10, 1: 0, 2: 0, 3: 0, 4: 0}",1
48,True,"{'a': 0, 'e': 0}",20,6,22.919161396535983,"{0: 14, 1: 0, 2: 0, 3: 0, 4: 0}",1
49,True,"{'a': 0, 'e': 0}",20,12,16.16211869345405,"{0: 8, 1: 0, 2: 0, 3: 0, 4: 0}",1
50,True,"{'a': 0, 'e': 0}",25,17,14.552066466563343,"{0: 8, 1: 0, 2: 0, 3: 0, 4: 0}",1
